Date,Close
2010-01-04,18.16
2010-01-05,18.290001
2010-01-06,19.51
2010-01-07,18.5
2010-01-08,18.200001
2010-01-11,18.57
2010-01-12,17.108
2010-01-13,17.92
2010-01-14,18.120001000000002
2010-01-15,17.48
2010-01-19,18.16
2010-01-20,17.309998999999998
2010-01-21,16.7299
2010-01-22,16.43
2010-01-25,16.530001000000002
2010-01-26,16.18
2010-01-27,14.81
2010-01-28,14.03
2010-01-29,13.48
2010-02-01,13.986
2010-02-02,14.178
2010-02-03,13.37
2010-02-04,12.53
2010-02-05,12.04
2010-02-08,12.47
2010-02-09,13.41
2010-02-10,13.29
2010-02-11,14.228
2010-02-12,13.77
2010-02-16,15.216
2010-02-17,15.16
2010-02-18,15.38
2010-02-19,15.73
2010-02-22,15.35
2010-02-23,14.53
2010-02-24,14.67
2010-02-25,14.22
2010-02-26,14.812
2010-03-01,15.09
2010-03-02,15.49
2010-03-03,15.89
2010-03-04,15.53
2010-03-05,16.24
2010-03-08,16.309998999999998
2010-03-09,16.35
2010-03-10,16.25
2010-03-11,16.190001000000002
2010-03-12,16.25
2010-03-15,15.69
2010-03-16,16.1
2010-03-17,16.58
2010-03-18,16.3901
2010-03-19,16.02
2010-03-22,16.07
2010-03-23,15.83
2010-03-24,15.204
2010-03-25,15.4899
2010-03-26,15.72
2010-03-29,16.799999
2010-03-30,17.030001000000002
2010-03-31,17.16
2010-04-01,17.52
2010-04-05,18.0
2010-04-06,17.85
2010-04-07,17.49
2010-04-08,17.51
2010-04-09,17.860001
2010-04-12,17.709999
2010-04-13,18.02
2010-04-14,18.378099
2010-04-15,18.540001
2010-04-16,17.67
2010-04-19,17.32
2010-04-20,17.58
2010-04-21,17.469998999999998
2010-04-22,17.040001
2010-04-23,17.26
2010-04-26,17.129998999999998
2010-04-27,15.55
2010-04-28,15.86
2010-04-29,15.48
2010-04-30,15.72
2010-05-03,15.1101
2010-05-04,14.12
2010-05-05,13.54
2010-05-06,13.1
2010-05-07,13.5
2010-05-10,14.11
2010-05-11,13.34
2010-05-12,13.74
2010-05-13,14.289
2010-05-14,13.15
2010-05-17,11.61
2010-05-18,11.885
2010-05-19,11.661
2010-05-20,11.5999
2010-05-21,12.3
2010-05-24,12.5
2010-05-25,12.1479
2010-05-26,11.82
2010-05-27,12.77
2010-05-28,12.28
2010-06-01,11.7099
2010-06-02,11.697
2010-06-03,11.0
2010-06-04,9.8699
2010-06-07,9.55
2010-06-08,10.51
2010-06-09,10.39
2010-06-10,10.8
2010-06-11,10.9
2010-06-14,11.25
2010-06-15,11.88
2010-06-16,11.486
2010-06-17,10.87
2010-06-18,10.66
2010-06-21,10.9
2010-06-22,11.02
2010-06-23,11.09
2010-06-24,11.5605
2010-06-25,11.9599
2010-06-28,11.92
2010-06-29,10.76
2010-06-30,10.765
2010-07-01,10.74
2010-07-02,11.07
2010-07-06,11.38
2010-07-07,11.59
2010-07-08,11.65
2010-07-09,11.75
2010-07-12,11.39
2010-07-13,11.5
2010-07-14,11.31
2010-07-15,11.53
2010-07-16,10.936
2010-07-19,11.12
2010-07-20,11.5197
2010-07-21,11.72
2010-07-22,12.2983
2010-07-23,12.29
2010-07-26,12.69
2010-07-27,12.37
2010-07-28,12.68
2010-07-29,13.02
2010-07-30,13.43
2010-08-02,14.34
2010-08-03,13.99
2010-08-04,14.31
2010-08-05,13.98
2010-08-06,14.27
2010-08-09,14.26
2010-08-10,13.88
2010-08-11,13.25
2010-08-12,13.411
2010-08-13,13.21
2010-08-16,13.35
2010-08-17,13.83
2010-08-18,13.825
2010-08-19,13.446
2010-08-20,13.02
2010-08-23,12.9
2010-08-24,12.46
2010-08-25,12.39
2010-08-26,12.87
2010-08-27,13.48
2010-08-30,13.6
2010-08-31,13.25
2010-09-01,14.09
2010-09-02,14.31
2010-09-03,14.39
2010-09-07,14.4
2010-09-08,14.66
2010-09-09,13.9
2010-09-10,13.73
2010-09-13,14.25
2010-09-14,14.2
2010-09-15,14.18
2010-09-16,14.33
2010-09-17,14.48
2010-09-20,14.68
2010-09-21,14.31
2010-09-22,15.12
2010-09-23,15.37
2010-09-24,15.78
2010-09-27,15.28
2010-09-28,15.669
2010-09-29,15.79
2010-09-30,15.721
2010-10-01,16.059998999999998
2010-10-04,15.92
2010-10-05,16.6
2010-10-06,16.6
2010-10-07,15.8
2010-10-08,16.756001
2010-10-11,16.809998999999998
2010-10-12,17.040001
2010-10-13,17.209999
2010-10-14,16.98
2010-10-15,17.041901
2010-10-18,17.540001
2010-10-19,16.334999
2010-10-20,17.059998999999998
2010-10-21,17.030001000000002
2010-10-22,17.549999
2010-10-25,17.809998999999998
2010-10-26,18.23
2010-10-27,17.190001000000002
2010-10-28,17.200001
2010-10-29,16.92
2010-11-01,17.131001
2010-11-02,17.639999
2010-11-03,17.549999
2010-11-04,18.41
2010-11-05,18.540001
2010-11-08,18.25
2010-11-09,18.67
2010-11-10,18.58
2010-11-11,18.889999
2010-11-12,17.1499
2010-11-15,17.040001
2010-11-16,15.0
2010-11-17,14.95
2010-11-18,16.0
2010-11-19,15.614
2010-11-22,15.53
2010-11-23,14.86
2010-11-24,15.2
2010-11-26,15.11
2010-11-29,15.09
2010-11-30,15.19
2010-12-01,16.23
2010-12-02,16.611
2010-12-03,16.530001000000002
2010-12-06,16.41
2010-12-07,16.51
2010-12-08,17.27
2010-12-09,16.82
2010-12-10,16.879998999999998
2010-12-13,17.559998999999998
2010-12-14,17.5016
2010-12-15,16.66
2010-12-16,16.65
2010-12-17,17.24
2010-12-20,17.49
2010-12-21,18.174
2010-12-22,18.32
2010-12-23,17.8899
2010-12-27,18.155001000000002
2010-12-28,18.51
2010-12-29,18.639999
2010-12-30,18.780001000000002
2010-12-31,19.274
2011-01-03,19.309998999999998
2011-01-04,19.16
2011-01-05,19.26
2011-01-06,19.059998999999998
2011-01-07,18.809998999999998
2011-01-10,18.549999
2011-01-11,18.940001000000002
2011-01-12,19.52
2011-01-13,18.93
2011-01-14,19.370001000000002
2011-01-18,19.1
2011-01-19,18.43
2011-01-20,17.68
2011-01-21,18.0
2011-01-24,17.8799
2011-01-25,17.190001000000002
2011-01-26,17.74
2011-01-27,17.815001000000002
2011-01-28,18.492001000000002
2011-01-31,19.35
2011-02-01,20.118099
2011-02-02,20.033001000000002
2011-02-03,20.07
2011-02-04,20.246
2011-02-07,20.08
2011-02-08,20.709999
2011-02-09,19.959999
2011-02-10,19.983999
2011-02-11,19.940001000000002
2011-02-14,20.422001
2011-02-15,19.74
2011-02-16,20.01
2011-02-17,20.35
2011-02-18,20.51
2011-02-22,19.190001000000002
2011-02-23,19.59
2011-02-24,19.66
2011-02-25,20.230101
2011-02-28,20.629998999999998
2011-03-01,20.48
2011-03-02,20.4701
2011-03-03,20.620001000000002
2011-03-04,20.41
2011-03-07,19.58
2011-03-08,19.469998999999998
2011-03-09,18.41
2011-03-10,18.395
2011-03-11,18.469998999999998
2011-03-14,18.650101
2011-03-15,18.1
2011-03-16,17.870001000000002
2011-03-17,18.950001
2011-03-18,19.09
2011-03-21,18.690001000000002
2011-03-22,19.040001
2011-03-23,20.09
2011-03-24,20.1
2011-03-25,19.85
2011-03-28,19.25
2011-03-29,19.610001
2011-03-30,19.1129
2011-03-31,19.34
2011-04-01,19.280001000000002
2011-04-04,19.549999
2011-04-05,19.212
2011-04-06,20.129998999999998
2011-04-07,20.448999
2011-04-08,21.200001
2011-04-11,20.750099
2011-04-12,20.198
2011-04-13,19.6
2011-04-14,19.66
2011-04-15,19.6
2011-04-18,19.23
2011-04-19,19.430099
2011-04-20,19.92
2011-04-21,20.16
2011-04-25,19.590401
2011-04-26,19.5301
2011-04-27,19.200001
2011-04-28,19.290001
2011-04-29,18.780001000000002
2011-05-02,18.610001
2011-05-03,19.1901
2011-05-04,18.440001000000002
2011-05-05,17.118999
2011-05-06,17.15
2011-05-09,17.73
2011-05-10,17.719998999999998
2011-05-11,16.769899
2011-05-12,17.219998999999998
2011-05-13,17.129998999999998
2011-05-16,16.799999
2011-05-17,16.799999
2011-05-18,17.33
2011-05-19,16.76
2011-05-20,16.98
2011-05-23,16.257998999999998
2011-05-24,16.860001
2011-05-25,17.549999
2011-05-26,17.809998999999998
2011-05-27,18.360001
2011-05-31,18.549999
2011-06-01,17.879998999999998
2011-06-02,17.908001000000002
2011-06-03,18.23
2011-06-06,18.190001000000002
2011-06-07,18.572001
2011-06-08,18.43
2011-06-09,18.35
2011-06-10,17.74
2011-06-13,17.450001
2011-06-14,18.309998999999998
2011-06-15,17.660101
2011-06-16,17.559998999999998
2011-06-17,17.24
2011-06-20,17.0
2011-06-21,17.360001
2011-06-22,17.476
2011-06-23,17.33
2011-06-24,17.33
2011-06-27,17.41
2011-06-28,17.51
2011-06-29,18.09
2011-06-30,18.4
2011-07-01,18.4501
2011-07-05,19.0
2011-07-06,18.83
2011-07-07,19.43
2011-07-08,18.85
2011-07-11,18.219998999999998
2011-07-12,18.6
2011-07-13,18.854
2011-07-14,18.73
2011-07-15,18.780001000000002
2011-07-18,19.07
2011-07-19,19.76
2011-07-20,19.42
2011-07-21,19.309998999999998
2011-07-22,19.73
2011-07-25,19.76
2011-07-26,20.4
2011-07-27,20.209999
2011-07-28,20.370001000000002
2011-07-29,20.242901
2011-08-01,19.66
2011-08-02,19.299999
2011-08-03,18.690001000000002
2011-08-04,17.83
2011-08-05,16.705
2011-08-08,15.21
2011-08-09,16.16
2011-08-10,15.14
2011-08-11,16.440001000000002
2011-08-12,15.97
2011-08-15,16.049999
2011-08-16,15.82
2011-08-17,16.26
2011-08-18,15.32
2011-08-19,15.7501
2011-08-22,15.26
2011-08-23,16.037001
2011-08-24,15.71
2011-08-25,16.35
2011-08-26,16.469998999999998
2011-08-29,16.379998999999998
2011-08-30,17.059998999999998
2011-08-31,17.469998999999998
2011-09-01,16.868
2011-09-02,16.577999
2011-09-06,16.24
2011-09-07,16.65
2011-09-08,16.719998999999998
2011-09-09,15.8399
2011-09-12,15.99
2011-09-13,15.782
2011-09-14,15.4299
2011-09-15,15.68
2011-09-16,15.574
2011-09-19,14.77
2011-09-20,14.2
2011-09-21,14.069
2011-09-22,12.57
2011-09-23,11.83
2011-09-26,11.82
2011-09-27,12.48
2011-09-28,11.26
2011-09-29,11.89
2011-09-30,10.786
2011-10-03,10.96
2011-10-04,11.116
2011-10-05,11.08
2011-10-06,11.54
2011-10-07,11.51
2011-10-10,11.926
2011-10-11,11.65
2011-10-12,11.96
2011-10-13,11.68
2011-10-14,11.96
2011-10-17,11.5
2011-10-18,11.62
2011-10-19,10.85
2011-10-20,10.14
2011-10-21,10.9
2011-10-24,11.801
2011-10-25,11.5999
2011-10-26,11.95
2011-10-27,12.77
2011-10-28,12.88
2011-10-31,12.6999
2011-11-01,11.754
2011-11-02,11.97
2011-11-03,12.0
2011-11-04,12.089
2011-11-07,12.03
2011-11-08,12.0534
2011-11-09,11.5128
2011-11-10,11.2
2011-11-11,11.78
2011-11-14,11.8444
2011-11-15,11.66
2011-11-16,11.65
2011-11-17,11.0
2011-11-18,11.376
2011-11-21,10.95
2011-11-22,11.04
2011-11-23,10.5101
2011-11-25,10.419
2011-11-28,10.92
2011-11-29,10.92
2011-11-30,12.379
2011-12-01,12.1312
2011-12-02,12.3248
2011-12-05,11.86
2011-12-06,12.016
2011-12-07,11.916
2011-12-08,11.41
2011-12-09,11.77
2011-12-12,11.07124
2011-12-13,10.65
2011-12-14,10.25
2011-12-15,10.081
2011-12-16,10.56
2011-12-19,10.1
2011-12-20,10.5
2011-12-21,10.54
2011-12-22,10.64
2011-12-23,10.76
2011-12-27,10.71
2011-12-28,10.238
2011-12-29,10.29
2011-12-30,10.47
2012-01-03,11.1886
2012-01-04,10.97
2012-01-05,10.58
2012-01-06,10.88
2012-01-09,11.05
2012-01-10,11.53
2012-01-11,11.809
2012-01-12,12.0
2012-01-13,11.956
2012-01-17,12.34
2012-01-18,12.5
2012-01-19,12.869
2012-01-20,12.639
2012-01-23,13.03
2012-01-24,13.25
2012-01-25,13.63
2012-01-26,13.8471
2012-01-27,13.6
2012-01-30,13.33
2012-01-31,13.08
2012-02-01,13.37
2012-02-02,12.811
2012-02-03,13.5001
2012-02-06,13.342
2012-02-07,13.414
2012-02-08,13.514
2012-02-09,13.83
2012-02-10,13.144
2012-02-13,12.9
2012-02-14,12.76
2012-02-15,12.6
2012-02-16,12.58
2012-02-17,12.13
2012-02-21,12.963
2012-02-22,13.224
2012-02-23,13.118
2012-02-24,13.4
2012-02-27,13.38
2012-02-28,13.772
2012-02-29,13.41
2012-03-01,13.737
2012-03-02,13.66
2012-03-05,13.27
2012-03-06,12.4192
2012-03-07,12.4999
2012-03-08,12.65
2012-03-09,13.0
2012-03-12,12.9501
2012-03-13,13.26
2012-03-14,12.837
2012-03-15,13.13
2012-03-16,13.261
2012-03-19,13.1801
2012-03-20,12.8
2012-03-21,12.6
2012-03-22,12.21
2012-03-23,12.3392
2012-03-26,12.57
2012-03-27,12.55
2012-03-28,12.27
2012-03-29,12.0808
2012-03-30,12.1156
2012-04-02,12.338
2012-04-03,12.14
2012-04-04,11.86837
2012-04-05,11.88
2012-04-09,11.6
2012-04-10,11.45
2012-04-11,11.58
2012-04-12,12.0392
2012-04-13,11.4017
2012-04-16,11.49
2012-04-17,11.61
2012-04-18,11.39
2012-04-19,11.59
2012-04-20,11.76
2012-04-23,11.41
2012-04-24,11.58
2012-04-25,11.658
2012-04-26,11.924
2012-04-27,12.1699
2012-04-30,12.3
2012-05-01,12.166
2012-05-02,11.9225
2012-05-03,11.59
2012-05-04,11.5611
2012-05-07,11.47
2012-05-08,11.26
2012-05-09,11.13
2012-05-10,11.2773
2012-05-11,11.1
2012-05-14,10.65
2012-05-15,10.524
2012-05-16,10.48
2012-05-17,10.49
2012-05-18,10.54
2012-05-21,10.6101
2012-05-22,10.61
2012-05-23,10.09
2012-05-24,10.1601
2012-05-25,10.3
2012-05-29,10.42
2012-05-30,10.1871
2012-05-31,10.0
2012-06-01,10.0
2012-06-04,0.0
2012-06-05,0.0
2012-06-06,10.05
2012-06-07,10.16
2012-06-08,9.78
2012-06-11,9.9664
2012-06-12,9.72
2012-06-13,9.9
2012-06-14,9.87
2012-06-15,10.05
2012-06-18,9.85
2012-06-19,10.124
2012-06-20,9.68
2012-06-21,9.1901
2012-06-22,9.2495
2012-06-25,9.06
2012-06-26,9.06
2012-06-27,9.2382
2012-06-28,9.21
2012-06-29,10.02
2012-07-02,9.72
2012-07-03,10.41
2012-07-05,10.024
2012-07-06,9.41
2012-07-09,9.644
2012-07-10,9.387
2012-07-11,9.55
2012-07-12,9.39
2012-07-13,9.9172
2012-07-16,9.88
2012-07-17,10.01
2012-07-18,9.95
2012-07-19,10.3
2012-07-20,9.75
2012-07-23,9.446
2012-07-24,9.26
2012-07-25,9.2824
2012-07-26,9.5
2012-07-27,9.54
2012-07-30,9.69
2012-07-31,9.59
2012-08-01,9.3097
2012-08-02,9.1
2012-08-03,9.48
2012-08-06,9.4981
2012-08-07,9.572
2012-08-08,9.502
2012-08-09,9.634
2012-08-10,9.49
2012-08-13,9.278
2012-08-14,9.256
2012-08-15,9.1
2012-08-16,9.1
2012-08-17,9.21
2012-08-20,9.1
2012-08-21,9.418
2012-08-22,9.5374
2012-08-23,9.72
2012-08-24,9.84
2012-08-27,0.0
2012-08-28,9.75
2012-08-29,9.66
2012-08-30,9.5
2012-08-31,9.5
2012-09-04,9.75
2012-09-05,10.01
2012-09-06,10.128
2012-09-07,10.82
2012-09-10,11.01
2012-09-11,10.98
2012-09-12,11.08
2012-09-13,11.66
2012-09-14,12.21
2012-09-17,11.75
2012-09-18,11.9483
2012-09-19,11.8992
2012-09-20,11.86
2012-09-21,11.824
2012-09-24,11.492
2012-09-25,11.87
2012-09-26,11.43
2012-09-27,11.531
2012-09-28,11.6214
2012-10-01,11.7744
2012-10-02,11.7483
2012-10-03,11.602
2012-10-04,11.52
2012-10-05,11.6
2012-10-08,11.15
2012-10-09,11.02
2012-10-10,10.63
2012-10-11,10.744
2012-10-12,10.372
2012-10-15,10.25
2012-10-16,10.252
2012-10-17,10.3918
2012-10-18,10.512
2012-10-19,10.099
2012-10-22,9.8101
2012-10-23,9.798
2012-10-24,9.69
2012-10-25,9.64
2012-10-26,9.491
2012-10-31,9.5
2012-11-01,9.9983
2012-11-02,9.68
2012-11-05,9.48
2012-11-06,9.59
2012-11-07,9.55
2012-11-08,9.6601
2012-11-09,9.5101
2012-11-12,9.81
2012-11-13,9.8298
2012-11-14,9.75
2012-11-15,9.88
2012-11-16,9.74
2012-11-19,9.94
2012-11-20,9.813
2012-11-21,9.671
2012-11-23,10.048
2012-11-26,10.116
2012-11-27,10.23
2012-11-28,10.2099
2012-11-29,10.59
2012-11-30,10.82
2012-12-03,10.94
2012-12-04,10.8
2012-12-05,10.8
2012-12-06,10.5501
2012-12-07,10.6701
2012-12-10,11.16
2012-12-11,11.092
2012-12-12,11.13
2012-12-13,10.82
2012-12-14,10.92
2012-12-17,10.99
2012-12-18,10.76
2012-12-19,10.8027
2012-12-20,10.48
2012-12-21,10.66
2012-12-24,10.644
2012-12-26,10.77
2012-12-27,10.8557
2012-12-28,10.54
2012-12-31,10.8197
2013-01-02,11.472
2013-01-03,10.99
2013-01-04,10.76
2013-01-07,10.5699
2013-01-08,10.6
2013-01-09,10.63
2013-01-10,10.83
2013-01-11,10.65
2013-01-14,10.38
2013-01-15,10.3799
2013-01-16,10.152
2013-01-17,10.28
2013-01-18,10.5399
2013-01-22,10.73
2013-01-23,10.7699
2013-01-24,10.644
2013-01-25,10.48
2013-01-28,10.49
2013-01-29,10.676
2013-01-30,11.21
2013-01-31,11.092
2013-02-01,11.29
2013-02-04,11.2
2013-02-05,11.25
2013-02-06,11.08
2013-02-07,11.1
2013-02-08,11.4
2013-02-11,11.17
2013-02-12,11.34
2013-02-13,11.31
2013-02-14,11.3316
2013-02-15,11.34
2013-02-19,10.89
2013-02-20,10.62
2013-02-21,10.48
2013-02-22,10.1609
2013-02-25,10.19
2013-02-26,10.37
2013-02-27,10.22
2013-02-28,10.0632
2013-03-01,9.72
2013-03-04,9.78
2013-03-05,9.8
2013-03-06,9.66
2013-03-07,9.681
2013-03-08,9.55
2013-03-11,9.51
2013-03-12,9.8
2013-03-13,9.75
2013-03-14,9.6701
2013-03-15,9.548
2013-03-18,9.21
2013-03-19,9.15
2013-03-20,9.31
2013-03-21,9.231
2013-03-22,9.4475
2013-03-25,9.31
2013-03-26,9.1649
2013-03-27,9.11
2013-03-28,9.098
2013-04-01,9.16
2013-04-02,8.89
2013-04-03,8.89
2013-04-04,9.09
2013-04-05,9.01
2013-04-08,9.07
2013-04-09,9.3291
2013-04-10,9.02
2013-04-11,8.9
2013-04-12,8.8
2013-04-15,8.47
2013-04-16,8.84
2013-04-17,8.38
2013-04-18,8.4694
2013-04-19,8.382
2013-04-22,8.54
2013-04-23,8.4
2013-04-24,8.67
2013-04-25,8.7901
2013-04-26,8.4601
2013-04-29,8.77
2013-04-30,8.4
2013-05-01,7.98
2013-05-02,7.93
2013-05-03,8.69
2013-05-06,8.6701
2013-05-07,8.62
2013-05-08,8.9272
2013-05-09,8.67
2013-05-10,8.661
2013-05-13,8.6
2013-05-14,8.401
2013-05-15,8.208
2013-05-16,8.3
2013-05-17,8.446
2013-05-20,8.62
2013-05-21,8.53
2013-05-22,8.73
2013-05-23,8.51
2013-05-24,8.41
2013-05-28,8.55
2013-05-29,8.61
2013-05-30,8.83
2013-05-31,8.73
2013-06-03,8.89
2013-06-04,9.127
2013-06-05,9.12
2013-06-06,9.09
2013-06-07,8.80686
2013-06-10,8.65
2013-06-11,8.4
2013-06-12,8.4199
2013-06-13,8.35
2013-06-14,8.3
2013-06-17,8.26
2013-06-18,8.15
2013-06-19,8.14
2013-06-20,7.66
2013-06-21,7.869
2013-06-24,7.65
2013-06-25,7.86
2013-06-26,7.6601
2013-06-27,7.66
2013-06-28,7.77
2013-07-01,8.0
2013-07-02,8.03
2013-07-03,7.98
2013-07-05,7.69
2013-07-08,7.9
2013-07-09,7.79
2013-07-10,7.86
2013-07-11,8.096
2013-07-12,8.1
2013-07-15,7.96
2013-07-16,8.05
2013-07-17,7.85
2013-07-18,7.81
2013-07-19,7.91
2013-07-22,8.13
2013-07-23,8.22
2013-07-24,8.16
2013-07-25,8.06
2013-07-26,7.79
2013-07-29,7.75
2013-07-30,7.54
2013-07-31,7.842
2013-08-01,7.83
2013-08-02,7.88
2013-08-05,7.92
2013-08-06,7.77
2013-08-07,7.81
2013-08-08,8.2099
2013-08-09,8.52
2013-08-12,8.5592
2013-08-13,8.56
2013-08-14,8.74
2013-08-15,8.731
2013-08-16,9.08
2013-08-19,8.97
2013-08-20,8.794
2013-08-21,9.2
2013-08-22,8.6645
2013-08-23,8.75437
2013-08-26,8.7544
2013-08-27,8.7
2013-08-28,8.5
2013-08-29,8.3
2013-08-30,8.1499
2013-09-03,8.2125
2013-09-04,8.12
2013-09-05,7.9204
2013-09-06,8.07
2013-09-09,8.03
2013-09-10,7.94
2013-09-11,7.99
2013-09-12,7.9
2013-09-13,7.8
2013-09-16,7.77
2013-09-17,7.939
2013-09-18,7.97
2013-09-19,8.209
2013-09-20,7.92
2013-09-23,8.04
2013-09-24,7.96
2013-09-25,8.0
2013-09-26,8.08
2013-09-27,8.226
2013-09-30,8.3
2013-10-01,8.0
2013-10-02,8.1
2013-10-03,7.97
2013-10-04,8.2
2013-10-07,8.34
2013-10-08,8.291
2013-10-09,8.05
2013-10-10,8.1263
2013-10-11,8.24
2013-10-14,8.33
2013-10-15,8.181
2013-10-16,8.25
2013-10-17,8.23
2013-10-18,8.18
2013-10-21,8.254
2013-10-22,8.44
2013-10-23,8.1
2013-10-24,8.1989
2013-10-25,8.38
2013-10-28,8.32
2013-10-29,8.35
2013-10-30,8.4499
2013-10-31,8.3
2013-11-01,8.09
2013-11-04,7.9
2013-11-05,7.989960000000001
2013-11-06,7.82
2013-11-07,7.8904
2013-11-08,7.8
2013-11-11,7.87
2013-11-12,7.87
2013-11-13,7.7
2013-11-14,8.06
2013-11-15,8.1
2013-11-18,7.6229
2013-11-19,7.96
2013-11-20,7.6524
2013-11-21,8.001
2013-11-22,8.09
2013-11-25,7.81
2013-11-26,7.79
2013-11-27,7.99
2013-11-29,7.7
2013-12-02,7.701
2013-12-03,7.9499
2013-12-04,7.8
2013-12-05,7.6151
2013-12-06,7.701
2013-12-09,7.88
2013-12-10,8.03
2013-12-11,7.97
2013-12-12,7.82
2013-12-13,7.9956
2013-12-16,7.885
2013-12-17,8.0
2013-12-18,7.967
2013-12-19,7.82
2013-12-20,7.99
2013-12-23,8.02
2013-12-24,8.1152
2013-12-26,8.288
2013-12-27,8.0
2013-12-30,8.491
2013-12-31,8.4
2014-01-02,8.45
2014-01-03,8.2999
2014-01-06,8.2804
2014-01-07,8.26
2014-01-08,8.3
2014-01-09,7.9001
2014-01-10,7.98
2014-01-13,8.1794
2014-01-14,8.07761
2014-01-15,8.2428
2014-01-16,8.2092
2014-01-17,8.118
2014-01-21,8.1901
2014-01-22,7.9
2014-01-23,7.88
2014-01-24,8.3
2014-01-27,8.24
2014-01-28,8.19
2014-01-29,8.19
2014-01-30,7.6414
2014-01-31,7.88
2014-02-03,7.76
2014-02-04,7.76
2014-02-05,7.709
2014-02-06,8.05
2014-02-07,8.43
2014-02-10,8.3
2014-02-11,8.32
2014-02-12,8.343
2014-02-13,8.301
2014-02-14,8.301
2014-02-18,8.74
2014-02-19,9.05
2014-02-20,9.25
2014-02-21,7.884
2014-02-24,8.8
2014-02-25,7.8319
2014-02-26,8.8
2014-02-27,8.3999
2014-02-28,8.4
2014-03-03,7.6621
2014-03-04,8.25
2014-03-05,8.19
2014-03-06,8.3
2014-03-07,8.3899
2014-03-10,7.991
2014-03-11,7.99
2014-03-12,7.9
2014-03-13,7.7304
2014-03-14,7.8399
2014-03-17,7.0553
2014-03-18,7.84
2014-03-19,7.67
2014-03-20,7.8196
2014-03-21,7.0202
2014-03-24,7.76
2014-03-25,7.2842
2014-03-26,7.25
2014-03-27,7.53
2014-03-28,7.27
2014-03-31,7.4
2014-04-01,7.38
2014-04-02,7.6
2014-04-03,7.73
2014-04-04,7.505
2014-04-07,7.78
2014-04-08,7.69
2014-04-09,7.7
2014-04-10,7.71
2014-04-11,7.66
2014-04-14,7.81
2014-04-15,7.66
2014-04-16,7.7614
2014-04-17,7.73
2014-04-21,0.0
2014-04-22,7.882
2014-04-23,7.7
2014-04-24,7.88
2014-04-25,7.78
2014-04-28,7.73
2014-04-29,7.62
2014-04-30,7.5186
2014-05-01,7.4001
2014-05-02,7.56
2014-05-05,7.52
2014-05-06,7.56
2014-05-07,7.4143
2014-05-08,7.41
2014-05-09,7.411
2014-05-12,7.61
2014-05-13,7.6578
2014-05-14,7.91
2014-05-15,7.7
2014-05-16,7.55
2014-05-19,7.82
2014-05-20,7.75
2014-05-21,7.6
2014-05-22,7.765
2014-05-23,7.8737
2014-05-27,7.82
2014-05-28,7.9237
2014-05-29,7.89
2014-05-30,7.7861
2014-06-02,7.841
2014-06-03,7.9
2014-06-04,7.72
2014-06-05,7.75
2014-06-06,7.877
2014-06-09,8.12
2014-06-10,8.049
2014-06-11,7.84
2014-06-12,7.65
2014-06-13,7.65
2014-06-16,7.8
2014-06-17,7.81
2014-06-18,7.8901
2014-06-19,8.0474
2014-06-20,8.2
2014-06-23,8.2
2014-06-24,8.26
2014-06-25,8.24
2014-06-26,8.29
2014-06-27,8.34
2014-06-30,8.39
2014-07-01,8.3271
2014-07-02,8.63
2014-07-03,8.79
2014-07-07,8.62
2014-07-08,8.827
2014-07-09,8.77
2014-07-10,8.7681
2014-07-11,8.95
2014-07-14,8.8101
2014-07-15,8.8601
2014-07-16,8.82
2014-07-17,9.01
2014-07-18,8.81
2014-07-21,9.07
2014-07-22,9.26
2014-07-23,9.13
2014-07-24,9.3715
2014-07-25,9.35
2014-07-28,9.35
2014-07-29,9.1
2014-07-30,9.389
2014-07-31,9.12
2014-08-01,9.05
2014-08-04,9.43
2014-08-05,9.16
2014-08-06,9.12
2014-08-07,9.1
2014-08-08,8.85
2014-08-11,8.97
2014-08-12,9.0942
2014-08-13,8.7801
2014-08-14,8.61
2014-08-15,8.6964
2014-08-18,8.849
2014-08-19,8.891
2014-08-20,9.2334
2014-08-21,9.1701
2014-08-22,9.323
2014-08-25,9.39
2014-08-26,9.31
2014-08-27,9.33
2014-08-28,9.203
2014-08-29,9.265
2014-09-02,9.331
2014-09-03,9.15
2014-09-04,9.462
2014-09-05,9.34
2014-09-08,9.391
2014-09-09,8.9476
2014-09-10,8.966
2014-09-11,8.74
2014-09-12,8.7538
2014-09-15,8.56
2014-09-16,8.78
2014-09-17,8.63
2014-09-18,8.63
2014-09-19,8.53
2014-09-22,8.37
2014-09-23,8.4247
2014-09-24,8.5333
2014-09-25,8.3794
2014-09-26,8.3828
2014-09-29,8.37
2014-09-30,8.4331
2014-10-01,8.25
2014-10-02,8.07
2014-10-03,8.2009
2014-10-06,8.34
2014-10-07,8.4756
2014-10-08,8.4157
2014-10-09,8.43
2014-10-10,8.43
2014-10-13,8.49
2014-10-14,8.6399
2014-10-15,8.16
2014-10-16,8.01
2014-10-17,8.2595
2014-10-20,8.07
2014-10-21,8.25
2014-10-22,8.32
2014-10-23,8.4024
2014-10-24,8.465
2014-10-27,8.38
2014-10-28,8.488
2014-10-29,8.65
2014-10-30,8.6606
2014-10-31,8.68
2014-11-03,8.765
2014-11-04,8.5906
2014-11-05,8.48
2014-11-06,8.55
2014-11-07,8.66
2014-11-10,8.4356
2014-11-11,8.471
2014-11-12,8.53
2014-11-13,8.32
2014-11-14,8.445
2014-11-17,8.45
2014-11-18,8.3298
2014-11-19,8.381
2014-11-20,8.4458
2014-11-21,8.55
2014-11-24,8.5888
2014-11-25,8.4723
2014-11-26,8.36
2014-11-28,8.07
2014-12-01,8.16
2014-12-02,7.9938
2014-12-03,7.89
2014-12-04,8.09
2014-12-05,7.99
2014-12-08,7.92
2014-12-09,8.03
2014-12-10,7.887
2014-12-11,7.85
2014-12-12,7.87
2014-12-15,7.74
2014-12-16,7.64
2014-12-17,7.6701
2014-12-18,7.62
2014-12-19,7.75
2014-12-22,7.5301
2014-12-23,7.5
2014-12-24,7.49
2014-12-26,7.361
2014-12-29,7.36
2014-12-30,7.5304
2014-12-31,7.52
2015-01-02,7.5
2015-01-05,7.3
2015-01-06,7.19
2015-01-07,7.03
2015-01-08,7.18
2015-01-09,7.19
2015-01-12,7.0576
2015-01-13,6.8599
2015-01-14,6.47
2015-01-15,6.59
2015-01-16,6.74
2015-01-20,6.79
2015-01-21,6.986039999999999
2015-01-22,6.9019
2015-01-23,6.65
2015-01-26,6.85032
2015-01-27,6.65
2015-01-28,6.65
2015-01-29,6.44165
2015-01-30,6.73013
2015-02-02,6.84
2015-02-03,6.98
2015-02-04,6.950410000000001
2015-02-05,6.979430000000001
2015-02-06,6.932580000000001
2015-02-09,7.01
2015-02-10,6.7101
2015-02-11,6.68358
2015-02-12,6.8926300000000005
2015-02-13,6.8844
2015-02-17,6.721
2015-02-18,6.7166
2015-02-19,6.759
2015-02-20,6.65
2015-02-23,6.599
2015-02-24,6.8
2015-02-25,6.6333
2015-02-26,6.869
2015-02-27,6.77
2015-03-02,6.76
2015-03-03,6.6
2015-03-04,6.63
2015-03-05,6.56
2015-03-06,6.436
2015-03-09,6.64
2015-03-10,6.45282
2015-03-11,6.3713
2015-03-12,6.45
2015-03-13,6.55
2015-03-16,6.56
2015-03-17,6.51463
2015-03-18,6.59
2015-03-19,6.6
2015-03-20,6.849069999999999
2015-03-23,7.0
2015-03-24,7.0299
2015-03-25,6.89973
2015-03-26,6.98425
2015-03-27,6.9499
2015-03-30,6.96449
2015-03-31,6.844180000000001
2015-04-01,6.95
2015-04-02,7.01
2015-04-06,6.87
2015-04-07,6.95
2015-04-08,6.94774
2015-04-09,7.1
2015-04-10,7.18
2015-04-13,7.09
2015-04-14,7.0867
2015-04-15,7.08
2015-04-16,7.3899
2015-04-17,7.33
2015-04-20,7.2
2015-04-21,7.0664
2015-04-22,7.09385
2015-04-23,7.03
2015-04-24,7.23
2015-04-27,7.422839999999999
2015-04-28,7.55
2015-04-29,7.5869100000000005
2015-04-30,7.9401
2015-05-01,7.9895
2015-05-04,8.0044
2015-05-05,8.28
2015-05-06,8.03
2015-05-07,7.92
2015-05-08,7.876
2015-05-11,7.8
2015-05-12,7.8601
2015-05-13,7.93
2015-05-14,7.81
2015-05-15,7.6111
2015-05-18,7.49
2015-05-19,7.2705
2015-05-20,7.11
2015-05-21,7.1999
2015-05-22,7.0799
2015-05-26,7.0
2015-05-27,7.05
2015-05-28,7.06062
2015-05-29,6.9
2015-06-01,6.78
2015-06-02,6.8799
2015-06-03,6.79
2015-06-04,6.7799
2015-06-05,6.5909
2015-06-08,6.7899
2015-06-09,6.7327699999999995
2015-06-10,6.9099
2015-06-11,6.66
2015-06-12,6.5887899999999995
2015-06-15,6.55
2015-06-16,6.35
2015-06-17,6.35
2015-06-18,6.32
2015-06-19,6.22
2015-06-22,6.19
2015-06-23,6.31
2015-06-24,6.31
2015-06-25,6.24085
2015-06-26,6.164969999999999
2015-06-29,6.21
2015-06-30,6.0799
2015-07-01,6.1801
2015-07-02,6.19
2015-07-06,6.01
2015-07-07,5.71
2015-07-08,5.81
2015-07-09,6.008380000000001
2015-07-10,5.98
2015-07-13,6.16
2015-07-14,6.03
2015-07-15,6.1048599999999995
2015-07-16,6.11187
2015-07-17,5.99
2015-07-20,5.9337
2015-07-21,5.855
2015-07-22,5.706
2015-07-23,5.48
2015-07-24,5.5699
2015-07-27,5.33
2015-07-28,5.63
2015-07-29,5.5405
2015-07-30,5.47885
2015-07-31,5.3601
2015-08-03,5.42
2015-08-04,5.34248
2015-08-05,5.2999
2015-08-06,5.1201
2015-08-07,5.12775
2015-08-10,5.3
2015-08-11,5.0399
2015-08-12,5.0999
2015-08-13,5.02698
2015-08-14,5.1
2015-08-17,4.98
2015-08-18,4.8399
2015-08-19,4.826
2015-08-20,4.97472
2015-08-21,4.81
2015-08-24,4.6
2015-08-25,4.7
2015-08-26,4.56
2015-08-27,4.7
2015-08-28,5.05
2015-08-31,5.0899
2015-09-01,5.0068
2015-09-02,5.02
2015-09-03,5.1699
2015-09-04,4.9
2015-09-08,5.17
2015-09-09,5.23298
2015-09-10,4.81
2015-09-11,5.1632
2015-09-14,5.05345
2015-09-15,5.03519
2015-09-16,5.11028
2015-09-17,5.15
2015-09-18,4.91915
2015-09-21,4.8321
2015-09-22,4.7
2015-09-23,4.8999
2015-09-24,4.67
2015-09-25,4.56
2015-09-28,4.43
2015-09-29,4.52687
2015-09-30,4.67
2015-10-01,4.67
2015-10-02,4.645169999999999
2015-10-05,4.74
2015-10-06,4.63541
2015-10-07,4.74942
2015-10-08,4.71
2015-10-09,5.17
2015-10-12,5.25
2015-10-13,5.05704
2015-10-14,5.06686
2015-10-15,5.05385
2015-10-16,4.989319999999999
2015-10-19,4.97
2015-10-20,4.81679
2015-10-21,4.7999
2015-10-22,4.7504
2015-10-23,4.75
2015-10-26,4.67
2015-10-27,4.642
2015-10-28,4.63
2015-10-29,4.56
2015-10-30,4.50385
2015-11-02,4.51
2015-11-03,4.55
2015-11-04,4.55
2015-11-05,4.3769
2015-11-06,4.40615
2015-11-09,4.36
2015-11-10,4.29
2015-11-11,4.369
2015-11-12,4.1752400000000005
2015-11-13,4.2499
2015-11-16,4.0946
2015-11-17,3.99
2015-11-18,3.941
2015-11-19,3.97
2015-11-20,3.8738599999999996
2015-11-23,3.82
2015-11-24,3.9411
2015-11-25,3.94
2015-11-27,4.09
2015-11-30,3.8757
2015-12-01,3.9329300000000003
2015-12-02,3.87604
2015-12-03,3.85
2015-12-04,3.9577199999999997
2015-12-07,3.8391800000000003
2015-12-08,3.84
2015-12-09,3.8626
2015-12-10,3.86965
2015-12-11,4.05
2015-12-14,3.989
2015-12-15,3.7674199999999995
2015-12-16,3.84841
2015-12-17,3.84
2015-12-18,3.9221199999999996
2015-12-21,3.99146
2015-12-22,3.9141199999999996
2015-12-23,4.057919999999999
2015-12-24,4.0
2015-12-28,3.94
2015-12-29,4.13
2015-12-30,4.245
2015-12-31,4.1
2016-01-04,3.94
2016-01-05,3.8975
2016-01-06,3.85693
2016-01-07,3.8
2016-01-08,4.2
2016-01-11,4.0
2016-01-12,3.95
2016-01-13,3.59715
2016-01-14,3.64
2016-01-15,3.55
2016-01-19,3.61
2016-01-20,3.6582
2016-01-21,3.61
2016-01-22,3.68
2016-01-25,3.77
2016-01-26,3.7994
2016-01-27,3.94
2016-01-28,4.1
2016-01-29,4.02
2016-02-01,4.03455
2016-02-02,4.03308
2016-02-03,4.15475
2016-02-04,4.2
2016-02-05,4.0037
2016-02-08,4.15117
2016-02-09,3.9942599999999997
2016-02-10,3.9898
2016-02-11,3.82
2016-02-12,4.066
2016-02-16,4.054
2016-02-17,4.0
2016-02-18,4.09
2016-02-19,4.35
2016-02-22,4.24
2016-02-23,4.26218
2016-02-24,4.329219999999999
2016-02-25,4.24861
2016-02-26,4.18
2016-02-29,4.38
2016-03-01,4.422219999999999
2016-03-02,4.52
2016-03-03,4.75
2016-03-04,5.05
2016-03-07,5.35
2016-03-08,4.8025
2016-03-09,5.1932
2016-03-10,4.48266
2016-03-11,4.59305
2016-03-14,4.6521
2016-03-15,4.96
2016-03-16,4.38545
2016-03-17,5.076
2016-03-18,4.83
2016-03-21,5.03
2016-03-22,4.913
2016-03-23,5.079
2016-03-24,5.0
2016-03-28,4.8468
2016-03-29,4.38004
2016-03-30,4.8499
2016-03-31,4.65
2016-04-01,4.75
2016-04-04,4.510730000000001
2016-04-05,4.4206199999999995
2016-04-06,4.404319999999999
2016-04-07,4.20786
2016-04-08,4.24275
2016-04-11,5.0
2016-04-12,4.45675
2016-04-13,4.63287
2016-04-14,4.65
2016-04-15,4.58977
2016-04-18,4.8
2016-04-19,4.82682
2016-04-20,5.11
2016-04-21,5.2583
2016-04-22,5.21
2016-04-25,5.17
2016-04-26,4.94
2016-04-27,4.81883
2016-04-28,4.9307300000000005
2016-04-29,4.971
2016-05-02,5.07
2016-05-03,4.82219
2016-05-04,4.77459
2016-05-05,4.62634
2016-05-06,4.67886
2016-05-09,4.426740000000001
2016-05-10,5.44
2016-05-11,4.88
2016-05-12,4.91
2016-05-13,4.84
2016-05-16,4.91
2016-05-17,4.49948
2016-05-18,4.96
2016-05-19,4.3727
2016-05-20,4.38603
2016-05-23,4.7392
2016-05-24,4.34835
2016-05-25,4.8975
2016-05-26,4.65
2016-05-27,4.530880000000001
2016-05-31,4.8
2016-06-01,5.0039
2016-06-02,4.97
2016-06-03,4.95
2016-06-06,5.07
2016-06-07,5.02
2016-06-08,5.22
2016-06-09,5.11
2016-06-10,5.08
2016-06-13,5.19
2016-06-14,4.71985
2016-06-15,5.2
2016-06-16,4.6717699999999995
2016-06-17,5.19
2016-06-20,5.45
2016-06-21,5.38
2016-06-22,5.26
2016-06-23,5.3399
2016-06-24,5.13
2016-06-27,5.31
2016-06-28,5.4225
2016-06-29,5.083469999999999
2016-06-30,5.1433599999999995
2016-07-01,5.312
2016-07-05,5.595
2016-07-06,5.61
2016-07-07,5.7
2016-07-08,5.97
2016-07-11,5.87
2016-07-12,5.9
2016-07-13,6.24
2016-07-14,7.6
2016-07-15,7.8
2016-07-18,6.19
2016-07-19,6.6
2016-07-20,6.6824
2016-07-21,5.3801
2016-07-22,5.36
2016-07-25,5.3501
2016-07-26,5.29944
2016-07-27,5.36
2016-07-28,5.45
2016-07-29,5.42
2016-08-01,5.7
2016-08-02,5.5245
2016-08-03,5.44292
2016-08-04,5.81
2016-08-05,5.9157
2016-08-08,6.6
2016-08-09,5.852
2016-08-10,5.43032
2016-08-11,5.55
2016-08-12,5.31968
2016-08-15,5.6
2016-08-16,5.5201
2016-08-17,5.47734
2016-08-18,5.48
2016-08-19,5.48
2016-08-22,5.78
2016-08-23,5.44156
2016-08-24,5.53
2016-08-25,5.32528
2016-08-26,5.3468
2016-08-29,5.34662
2016-08-30,5.564
2016-08-31,5.9099
2016-09-01,5.33482
2016-09-02,6.0
2016-09-06,5.55
2016-09-07,5.4348
2016-09-08,5.69
2016-09-09,5.16909
2016-09-12,6.06
2016-09-13,5.03951
2016-09-14,5.4933
2016-09-15,5.1308
2016-09-16,6.0
2016-09-19,5.68
2016-09-20,5.74
2016-09-21,5.22294
2016-09-22,5.638
2016-09-23,5.64
2016-09-26,5.64
2016-09-27,5.63
2016-09-28,5.7
2016-09-29,5.61099
2016-09-30,5.62
2016-10-03,5.70075
2016-10-04,5.624709999999999
2016-10-05,5.5582
2016-10-06,5.51
2016-10-07,5.51
2016-10-10,5.51
2016-10-11,5.8765
2016-10-12,5.8176
2016-10-13,5.56
2016-10-14,5.896
2016-10-17,5.51
2016-10-18,5.51
2016-10-19,5.51
2016-10-20,5.20666
2016-10-21,5.43
2016-10-24,5.28635
2016-10-25,5.51
2016-10-26,5.53
2016-10-27,5.555
2016-10-28,5.68
2016-10-31,5.9217
2016-11-01,5.966019999999999
2016-11-02,5.6783
2016-11-03,5.9
2016-11-04,5.9899
2016-11-07,6.05
2016-11-08,6.2
2016-11-09,6.3758099999999995
2016-11-10,6.7515
2016-11-11,6.37
2016-11-14,6.92
2016-11-15,7.055
2016-11-16,6.5319
2016-11-17,6.49
2016-11-18,6.310980000000001
2016-11-21,6.53357
2016-11-22,6.6743
2016-11-23,6.85
2016-11-25,6.85
2016-11-28,7.1307
2016-11-29,6.0
2016-11-30,6.87
2016-12-01,6.9363600000000005
2016-12-02,6.80092
2016-12-05,7.162660000000001
2016-12-06,7.2122
2016-12-07,7.318
2016-12-08,6.8501
2016-12-09,7.1858
2016-12-12,7.152
2016-12-13,7.15
2016-12-14,7.06319
2016-12-15,7.1648
2016-12-16,7.07
2016-12-19,6.4119
2016-12-20,6.36
2016-12-21,6.4
2016-12-22,6.38
2016-12-23,6.3
2016-12-27,6.43044
2016-12-28,6.4
2016-12-29,6.3753
2016-12-30,6.39
2017-01-03,6.3201
2017-01-04,6.71
2017-01-05,6.63
2017-01-06,6.54
2017-01-09,6.83
2017-01-10,6.76
2017-01-11,7.13
2017-01-12,7.14
2017-01-13,7.43
2017-01-17,6.98
2017-01-18,7.11
2017-01-19,7.26
2017-01-20,7.47
2017-01-23,7.3
2017-01-24,7.5
2017-01-25,7.45
2017-01-26,7.3117
2017-01-27,7.2710300000000005
2017-01-30,7.5035
2017-01-31,7.4
2017-02-01,7.45
2017-02-02,7.5253
2017-02-03,7.4
2017-02-06,7.4299
2017-02-07,7.14
2017-02-08,7.4
2017-02-09,7.4275
2017-02-10,7.57
2017-02-13,7.9201
2017-02-14,7.75
2017-02-15,7.9768
2017-02-16,7.7116
2017-02-17,7.568410000000001
2017-02-21,7.9699
2017-02-22,7.68
2017-02-23,7.35
2017-02-24,7.6
2017-02-27,7.46
2017-02-28,7.44
2017-03-01,7.81
2017-03-02,7.56
2017-03-03,7.42
2017-03-06,7.28
2017-03-07,7.14
2017-03-08,7.12
2017-03-09,7.1
2017-03-10,7.192710000000001
2017-03-13,7.27
2017-03-14,7.39
2017-03-15,7.53
2017-03-16,7.6
2017-03-17,7.7636
2017-03-20,7.69
2017-03-21,7.5
2017-03-22,7.642339999999999
2017-03-23,7.57
2017-03-24,7.99
2017-03-27,7.45043
2017-03-28,7.64
2017-03-29,7.7
2017-03-30,7.76
2017-03-31,7.59
2017-04-03,7.42
2017-04-04,7.45
2017-04-05,7.69
2017-04-06,7.43
2017-04-07,7.5699
2017-04-10,7.4097
2017-04-11,7.14
2017-04-12,6.983410000000001
2017-04-13,7.10571
2017-04-17,7.1058
2017-04-18,7.32
2017-04-19,6.8345199999999995
2017-04-20,6.9308
2017-04-21,7.0403899999999995
2017-04-24,6.77
2017-04-25,7.54
2017-04-26,7.13
2017-04-27,7.09317
2017-04-28,7.14779
2017-05-01,7.1478399999999995
2017-05-02,7.2756
2017-05-03,6.99207
2017-05-04,6.90738
2017-05-05,6.79
2017-05-08,6.8099
2017-05-09,6.68
2017-05-10,6.62
2017-05-11,6.83224
2017-05-12,6.16
2017-05-15,6.75
2017-05-16,6.74
2017-05-17,6.86
2017-05-18,6.62
2017-05-19,7.0
2017-05-22,7.12
2017-05-23,7.2555
2017-05-24,7.19
2017-05-25,7.33
2017-05-26,7.24
2017-05-30,7.1644
2017-05-31,7.12
2017-06-01,7.047960000000001
2017-06-02,6.63
2017-06-05,6.5296
2017-06-06,6.5208
2017-06-07,6.71055
2017-06-08,6.82342
2017-06-09,7.0128
2017-06-12,6.87
2017-06-13,6.77
2017-06-14,6.794160000000001
2017-06-15,6.62
2017-06-16,6.7792699999999995
2017-06-19,6.8
2017-06-20,6.64
2017-06-21,6.7121
2017-06-22,6.72
2017-06-23,7.184130000000001
2017-06-26,6.58
2017-06-27,7.2
2017-06-28,7.25
2017-06-29,7.22
2017-06-30,7.25
2017-07-03,7.636710000000001
2017-07-05,7.16
2017-07-06,7.58025
2017-07-07,7.35
2017-07-10,7.38
2017-07-11,7.55
2017-07-12,7.27
2017-07-13,7.6
2017-07-14,7.59625
2017-07-17,7.2
2017-07-18,7.69302
2017-07-19,7.5504
2017-07-20,7.2
2017-07-21,7.3696
2017-07-24,7.47
2017-07-25,7.92
2017-07-26,7.9314
2017-07-27,7.91
2017-07-28,7.87208
2017-07-31,7.7
2017-08-01,7.7077
2017-08-02,7.9166
2017-08-03,7.7488
2017-08-04,7.7488
2017-08-07,7.7488
2017-08-08,8.31
2017-08-09,8.31
2017-08-10,8.3
2017-08-11,8.42
2017-08-14,8.25
2017-08-15,8.38
2017-08-16,9.16
2017-08-17,8.82
2017-08-18,8.95
2017-08-21,9.1187
2017-08-22,9.2
2017-08-23,9.1969
2017-08-24,9.22
2017-08-25,9.06
2017-08-28,9.0226
2017-08-29,9.27
2017-08-30,9.27
2017-08-31,9.4806
2017-09-01,9.46
2017-09-05,9.33
2017-09-06,9.61
2017-09-07,9.5
2017-09-08,9.16
2017-09-11,9.47
2017-09-12,9.24
2017-09-13,9.24
2017-09-14,9.24
2017-09-15,8.712
2017-09-18,8.802
2017-09-19,9.08
2017-09-20,9.08
2017-09-21,8.91
2017-09-22,8.9903
2017-09-25,9.025
2017-09-26,8.95
2017-09-27,8.95
2017-09-28,9.192
2017-09-29,8.72
2017-10-02,9.25
2017-10-03,9.48
2017-10-04,9.5928
2017-10-05,9.8489
2017-10-06,9.5468
2017-10-09,9.565
2017-10-10,9.6718
2017-10-11,9.5877
2017-10-12,9.85
2017-10-13,9.85
2017-10-16,9.8468
2017-10-17,9.5288
2017-10-18,9.45
2017-10-19,9.55
2017-10-20,9.48
2017-10-23,9.7513
2017-10-24,9.69
2017-10-25,9.85
2017-10-26,9.86
2017-10-27,9.561
2017-10-30,9.61
2017-10-31,9.8525
2017-11-01,9.85
2017-11-02,9.85
2017-11-03,9.9795
2017-11-06,9.825
2017-11-07,9.019
2017-11-08,9.0
2017-11-09,9.4885
2017-11-10,9.4885
2017-11-13,9.4885
2017-11-14,9.21
2017-11-15,9.2761
2017-11-16,9.2761
2017-11-17,9.6603
2017-11-20,9.3448
2017-11-21,9.46
2017-11-22,9.57
2017-11-24,9.77
2017-11-27,9.75
2017-11-28,9.5
2017-11-29,9.35
2017-11-30,9.09
2017-12-01,9.4
2017-12-04,9.4
2017-12-05,9.4
2017-12-06,9.05
2017-12-07,8.99
2017-12-08,8.97
2017-12-11,8.97
2017-12-12,8.86
2017-12-13,8.86
2017-12-14,8.86
2017-12-15,8.86
2017-12-18,8.86
2017-12-19,9.25
2017-12-20,9.398
2017-12-21,9.8005
2017-12-22,10.15
2017-12-26,10.1883
2017-12-27,10.1214
2017-12-28,10.4666
2017-12-29,10.53
2018-01-02,10.35
2018-01-03,9.8601
2018-01-04,10.35
2018-01-05,9.8707
2018-01-08,9.8707
2018-01-09,10.1858
2018-01-10,10.1858
2018-01-11,10.176
2018-01-12,10.176
2018-01-16,10.02
2018-01-17,9.98
2018-01-18,9.98
2018-01-19,10.589
2018-01-22,10.35
2018-01-23,10.251
2018-01-24,10.46
2018-01-25,10.65
2018-01-26,10.65
2018-01-29,10.7647
2018-01-30,10.55
2018-01-31,10.62
2018-02-01,10.62
2018-02-02,10.6697
2018-02-05,10.65
2018-02-06,10.41
2018-02-07,9.8738
2018-02-08,10.2202
2018-02-09,9.65
2018-02-12,9.3373
2018-02-13,10.2853
2018-02-14,10.65
2018-02-15,10.89
2018-02-16,10.665
2018-02-20,10.84
2018-02-21,10.84
2018-02-22,10.571
2018-02-23,10.571
2018-02-26,10.3901
2018-02-27,10.4685
2018-02-28,10.2853
2018-03-01,10.2853
2018-03-02,10.2853
2018-03-05,10.2853
2018-03-06,10.2853
2018-03-07,10.2853
2018-03-08,9.7575
2018-03-09,10.0803
2018-03-12,10.0803
2018-03-13,9.52
2018-03-14,9.654
2018-03-15,9.519
2018-03-16,9.5391
2018-03-19,9.5
2018-03-20,9.5
2018-03-21,9.5
2018-03-22,9.5
2018-03-23,9.2
2018-03-26,9.2
2018-03-27,9.15
2018-03-28,9.11
2018-03-29,9.299
2018-04-02,9.299
2018-04-03,9.299
2018-04-04,9.5353
2018-04-05,9.2065
2018-04-06,9.014
2018-04-09,9.41
2018-04-10,9.6102
2018-04-11,9.9
2018-04-12,9.9
2018-04-13,9.6728
2018-04-16,9.9903
2018-04-17,10.1
2018-04-18,10.99
2018-04-19,10.44
2018-04-20,10.36
2018-04-23,10.072
2018-04-24,10.072
2018-04-25,10.072
2018-04-26,10.072
2018-04-27,10.072
2018-04-30,10.072
2018-05-01,10.072
2018-05-02,10.072
2018-05-03,10.072
2018-05-04,10.072
2018-05-07,9.6
2018-05-08,9.6
2018-05-09,9.6
2018-05-10,9.5
2018-05-11,9.5
2018-05-14,9.5
2018-05-15,9.5
2018-05-16,9.5
2018-05-17,9.5
2018-05-18,9.5
2018-05-21,10.3414
2018-05-22,10.3404
2018-05-23,9.3475
2018-05-24,9.8589
2018-05-25,9.7652
2018-05-29,9.82
2018-05-30,9.8294
2018-05-31,9.5287
2018-06-01,9.65
2018-06-04,9.9014
2018-06-05,10.25
2018-06-06,10.2327
2018-06-07,10.1435
2018-06-08,10.0611
2018-06-11,10.0611
2018-06-12,10.15
2018-06-13,10.15
2018-06-14,10.15
2018-06-15,9.7358
2018-06-18,9.45
2018-06-19,9.3
2018-06-20,9.3
2018-06-21,9.3
2018-06-22,9.3
2018-06-25,8.344
2018-06-26,8.46
2018-06-27,8.91
2018-06-28,8.91
2018-06-29,8.91
2018-07-02,8.2501
2018-07-03,8.2501
2018-07-05,7.81
2018-07-06,7.81
2018-07-09,7.85
2018-07-10,7.85
2018-07-11,7.5
2018-07-12,7.5
2018-07-13,7.5
2018-07-16,7.02
2018-07-17,7.02
2018-07-18,7.02
2018-07-19,7.02
2018-07-20,7.1
2018-07-23,7.24
2018-07-24,7.24
2018-07-25,7.24
2018-07-26,7.4
2018-07-27,7.4
2018-07-30,7.37
2018-07-31,7.37
2018-08-01,7.37
2018-08-02,7.37
2018-08-03,7.63
2018-08-06,7.17
2018-08-07,7.05
2018-08-08,7.05
2018-08-09,7.63
2018-08-10,7.63
2018-08-13,7.63
2018-08-14,7.63
2018-08-15,6.56
2018-08-16,6.52
2018-08-17,6.82
2018-08-20,6.85
2018-08-21,6.905
2018-08-22,6.95
2018-08-23,6.95
2018-08-24,7.13
2018-08-27,7.13
2018-08-28,7.36
2018-08-29,7.63
2018-08-30,7.63
2018-08-31,7.63
2018-09-04,7.011
2018-09-05,6.65
2018-09-06,6.65
2018-09-07,6.65
2018-09-10,6.6843
2018-09-11,6.64
2018-09-12,6.66
2018-09-13,6.66
2018-09-14,6.64
2018-09-17,6.64
2018-09-18,6.85
2018-09-19,6.91
2018-09-20,7.13
2018-09-21,7.37
2018-09-24,7.45
2018-09-25,7.45
2018-09-26,7.45
2018-09-27,7.45
2018-09-28,7.45
2018-10-01,6.8337
2018-10-02,8.18
2018-10-03,8.0834
2018-10-04,7.6641
2018-10-05,7.45
2018-10-08,7.39
2018-10-09,7.2
2018-10-10,7.2
2018-10-11,7.2
2018-10-12,7.2
2018-10-15,7.5
2018-10-16,7.46
2018-10-17,7.48
2018-10-18,7.48
2018-10-19,7.48
2018-10-22,7.48
2018-10-23,7.48
2018-10-24,7.48
2018-10-25,7.48
2018-10-26,7.48
2018-10-29,7.4199
2018-10-30,7.4199
2018-10-31,7.4199
2018-11-01,7.4199
2018-11-02,6.8001
2018-11-05,6.98
2018-11-06,6.98
2018-11-07,6.94
2018-11-08,6.94
2018-11-09,6.8795
2018-11-12,7.0001
2018-11-13,7.0001
2018-11-14,7.0001
2018-11-15,6.834
2018-11-16,6.834
2018-11-19,6.834
2018-11-20,6.834
2018-11-21,6.92
2018-11-23,6.92
2018-11-26,6.91
2018-11-27,6.91
2018-11-28,6.96
2018-11-29,6.96
2018-11-30,6.96
2018-12-03,7.205
2018-12-04,7.205
2018-12-06,7.14
2018-12-07,7.14
2018-12-10,7.005
2018-12-11,7.11
2018-12-12,6.995
2018-12-13,7.105
2018-12-14,7.045
2018-12-17,7.09
2018-12-18,7.075
2018-12-19,7.04
2018-12-20,7.11
2018-12-21,6.91
2018-12-24,6.79
2018-12-26,6.8159
2018-12-27,6.905
2018-12-28,6.885
2018-12-31,6.885
2019-01-02,6.5
2019-01-03,6.5
2019-01-04,6.5
2019-01-07,4.97
2019-01-08,4.97
2019-01-09,6.8843
2019-01-10,6.8033
2019-01-11,6.8033
2019-01-14,6.8033
2019-01-15,6.8033
2019-01-16,6.46
2019-01-17,6.46
2019-01-18,6.46
2019-01-22,6.69
2019-01-23,6.79
2019-01-24,6.907
2019-01-25,6.94
2019-01-28,6.825
2019-01-29,6.51
2019-01-30,6.51
2019-01-31,7.2996
2019-02-01,7.3197
2019-02-04,7.48
2019-02-05,7.6375
2019-02-06,7.25
2019-02-07,7.25
2019-02-08,7.155
2019-02-11,6.985
2019-02-12,6.985
2019-02-13,6.985
2019-02-14,6.985
2019-02-15,6.5
2019-02-19,6.5
2019-02-20,6.85
2019-02-21,7.39
2019-02-22,7.5412
2019-02-25,7.67
2019-02-26,7.67
2019-02-27,7.725
2019-02-28,7.725
2019-03-01,7.67
2019-03-04,7.67
2019-03-05,7.64
2019-03-06,7.425
2019-03-07,7.4433
2019-03-08,7.4433
2019-03-11,7.4433
2019-03-12,7.425
2019-03-13,8.1199
2019-03-14,7.67
2019-03-15,7.67
2019-03-18,7.65
2019-03-19,7.81
2019-03-20,7.41
2019-03-21,7.26
2019-03-22,7.23
2019-03-25,7.23
2019-03-26,7.23
2019-03-27,7.23
2019-03-28,7.69
2019-03-29,7.81
2019-04-01,7.55
2019-04-02,7.55
2019-04-03,7.55
2019-04-04,7.69
2019-04-05,7.69
2019-04-08,7.8
2019-04-09,7.8
2019-04-10,7.8
2019-04-11,7.8
2019-04-12,7.7
2019-04-15,7.7
2019-04-16,7.7
2019-04-17,7.7
2019-04-18,7.7
2019-04-22,7.7
2019-04-23,7.7
2019-04-24,7.7
2019-04-25,7.7
2019-04-26,7.7
2019-04-29,7.7
2019-04-30,7.7
2019-05-01,7.7
2019-05-02,7.7
2019-05-03,7.7
2019-05-06,7.7
2019-05-07,7.7
2019-05-08,7.7
2019-05-09,7.7
2019-05-10,7.7
2019-05-13,7.7
2019-05-14,7.7
2019-05-15,7.7
2019-05-16,7.7
2019-05-17,7.7
2019-05-20,7.7
2019-05-21,7.7
2019-05-22,7.7
2019-05-23,7.7
2019-05-24,7.7
2019-05-28,7.7
2019-05-29,7.7
2019-05-30,7.7
2019-05-31,7.7
2019-06-03,7.7
2019-06-04,7.7
2019-06-05,7.7
2019-06-06,7.7
2019-06-07,7.7
2019-06-10,7.7
2019-06-11,7.7
2019-06-12,7.7
2019-06-13,7.7
2019-06-14,7.7
2019-06-17,7.7
2019-06-18,7.7
2019-06-19,7.7
2019-06-20,7.7
2019-06-21,7.7
2019-06-24,7.7
2019-06-25,7.7
2019-06-26,7.7
2019-06-27,7.7
2019-06-28,7.7
2019-07-01,7.7
2019-07-02,7.7
2019-07-03,7.7
2019-07-05,7.7
2019-07-08,7.7
2019-07-09,7.7
2019-07-10,7.7
2019-07-11,7.7
2019-07-12,7.7
2019-07-15,7.7
2019-07-16,7.7
2019-07-17,7.7
2019-07-18,7.7
2019-07-19,7.7
2019-07-22,7.7
2019-07-23,7.7
2019-07-24,7.7
2019-07-25,7.7
2019-07-26,7.7
2019-07-29,7.7
2019-07-30,7.7
2019-07-31,7.7
2019-08-01,7.7
2019-08-02,7.7
2019-08-05,7.7
2019-08-06,7.7
2019-08-07,7.7
2019-08-08,7.7
2019-08-09,7.7
2019-08-12,7.7
2019-08-13,7.7
2019-08-14,7.7
2019-08-15,7.7
2019-08-16,7.7
2019-08-19,7.7
2019-08-20,7.7
2019-08-21,7.7
2019-08-22,7.7
2019-08-23,7.7
2019-08-26,7.7
2019-08-27,7.7
2019-08-28,7.7
2019-08-29,7.7
2019-08-30,7.7
2019-09-03,7.7
2019-09-04,7.7
2019-09-05,7.7
2019-09-06,7.7
2019-09-09,7.7
2019-09-10,7.7
2019-09-11,7.7
2019-09-12,7.7
2019-09-13,7.7
2019-09-16,7.7
2019-09-17,7.7
2019-09-18,7.7
2019-09-19,7.7
2019-09-20,7.7
2019-09-23,7.7
2019-09-24,7.7
2019-09-25,7.7
2019-09-26,7.7
2019-09-27,7.7
2019-09-30,7.7
2019-10-01,7.7
2019-10-02,7.7
2019-10-03,7.7
2019-10-04,7.7
2019-10-07,7.7
2019-10-08,7.7
2019-10-09,7.7
2019-10-10,7.7
2019-10-11,7.7
2019-10-14,7.7
2019-10-15,7.7
2019-10-16,7.7
2019-10-17,7.7
2019-10-18,7.7
2019-10-21,7.7
2019-10-22,7.7
2019-10-23,7.7
2019-10-24,7.7
2019-10-25,7.7
2019-10-28,7.7
2019-10-29,7.7
2019-10-30,7.7
2019-10-31,7.7
2019-11-01,7.7
2019-11-04,7.7
2019-11-05,7.7
2019-11-06,7.7
2019-11-07,7.7
2019-11-08,7.7
2019-11-11,7.7
2019-11-12,7.7
2019-11-13,7.7
2019-11-14,7.7
2019-11-15,7.7
2019-11-18,7.7
2019-11-19,7.7
2019-11-20,7.7
2019-11-21,7.7
2019-11-22,7.7
2019-11-25,7.7
2019-11-26,7.7
2019-11-27,7.7
2019-11-29,7.7
2019-12-02,7.7
2019-12-03,7.7
2019-12-04,7.7
2019-12-05,7.7
2019-12-06,7.7
2019-12-09,7.7
2019-12-10,7.7
2019-12-11,7.7
2019-12-12,7.7
2019-12-13,7.7
2019-12-16,7.7
2019-12-17,7.7
2019-12-18,7.7
2019-12-19,7.7
2019-12-20,7.7
2019-12-23,7.7
2019-12-24,7.7
2019-12-26,7.7
2019-12-27,7.7
2019-12-30,7.7
2019-12-31,7.7
2020-01-02,7.7
2020-01-03,7.7
2020-01-06,7.7
2020-01-07,7.7
2020-01-08,7.7
2020-01-09,7.7
2020-01-10,7.7
2020-01-13,7.7
2020-01-14,7.7
2020-01-15,7.7
2020-01-16,7.7
2020-01-17,7.7
2020-01-21,7.7
2020-01-22,7.7
2020-01-23,7.7
2020-01-24,7.7
2020-01-27,7.7
2020-01-28,7.7
2020-01-29,7.7
2020-01-30,7.7
2020-01-31,7.7
2020-02-03,7.7
2020-02-04,7.7
2020-02-05,7.7
2020-02-06,7.7
2020-02-07,7.7
2020-02-10,7.7
2020-02-11,7.7
2020-02-12,7.7
2020-02-13,7.7
2020-02-14,7.7
2020-02-18,7.7
2020-02-19,7.7
2020-02-20,7.7
2020-02-21,7.7
2020-02-24,7.7
2020-02-25,7.7
2020-02-26,7.7
2020-02-27,7.7
2020-02-28,7.7
2020-03-02,7.7
2020-03-03,7.7
2020-03-04,7.7
2020-03-05,7.7
2020-03-06,7.7
2020-03-09,7.7
2020-03-10,7.7
2020-03-11,7.7
2020-03-12,7.7
2020-03-13,7.7
2020-03-16,7.7
2020-03-17,7.7
2020-03-18,7.7
2020-03-19,7.7
2020-03-20,7.7
2020-03-23,7.7
2020-03-24,7.7
2020-03-25,7.7
2020-03-26,7.7
2020-03-27,7.7
2020-03-30,7.7
2020-03-31,7.7
2020-04-01,7.7
2020-04-02,7.7
2020-04-03,7.7
2020-04-06,7.7
2020-04-07,7.7
2020-04-08,7.7
2020-04-09,7.7
2020-04-13,7.7
2020-04-14,7.7
2020-04-15,7.7
2020-04-16,7.7
2020-04-17,7.7
2020-04-20,7.7
2020-04-21,7.7
2020-04-22,7.7
2020-04-23,7.7
2020-04-24,7.7
2020-04-27,7.7
2020-04-28,7.7
2020-04-29,7.7
2020-04-30,7.7
2020-05-01,7.7
2020-05-04,7.7
2020-05-05,7.7
2020-05-06,7.7
2020-05-07,7.7
2020-05-08,7.7
2020-05-11,7.7
2020-05-12,7.7
2020-05-13,7.7
2020-05-14,7.7
2020-05-15,7.7
2020-05-18,7.7
2020-05-19,7.7
2020-05-20,7.7
2020-05-21,7.7
2020-05-22,7.7
2020-05-26,7.7
2020-05-27,7.7
2020-05-28,7.7
2020-05-29,7.7
2020-06-01,7.7
2020-06-02,7.7
2020-06-03,7.7
2020-06-04,7.7
2020-06-05,7.7
2020-06-08,7.7
2020-06-09,7.7
2020-06-10,7.7
2020-06-11,7.7
2020-06-12,7.7
2020-06-15,7.7
2020-06-16,7.7
2020-06-17,7.7
2020-06-18,7.7
2020-06-19,7.7
2020-06-22,7.7
2020-06-23,7.7
2020-06-24,7.7
2020-06-25,7.7
2020-06-26,7.7
2020-06-29,7.7
2020-06-30,7.7
2020-07-01,7.7
2020-07-02,7.7
2020-07-06,7.7
2020-07-07,7.7
2020-07-08,7.7
2020-07-09,7.7
2020-07-10,7.7
2020-07-13,7.7
2020-07-14,7.7
2020-07-15,7.7
2020-07-16,7.7
2020-07-17,7.7
2020-07-20,7.7
2020-07-21,7.7
2020-07-22,7.7
2020-07-23,7.7
2020-07-24,7.7
2020-07-27,7.7
2020-07-28,7.7
2020-07-29,7.7
2020-07-30,7.7
2020-07-31,7.7
2020-08-03,7.7
2020-08-04,7.7
2020-08-05,7.7
2020-08-06,7.7
2020-08-07,7.7
2020-08-10,7.7
2020-08-11,7.7
2020-08-12,7.7
2020-08-13,7.7
2020-08-14,7.7
2020-08-17,7.7
2020-08-18,7.7
2020-08-19,7.7
2020-08-20,7.7
2020-08-21,7.7
2020-08-24,7.7
2020-08-25,7.7
2020-08-26,7.7
2020-08-27,7.7
2020-08-28,7.7
2020-08-31,7.7
2020-09-01,7.7
2020-09-02,7.7
2020-09-03,7.7
2020-09-04,7.7
2020-09-08,7.7
2020-09-09,7.7
2020-09-10,7.7
2020-09-11,7.7
2020-09-14,7.7
2020-09-15,7.7
2020-09-16,7.7
2020-09-17,7.7
2020-09-18,7.7
2020-09-21,7.7
2020-09-22,7.7
2020-09-23,7.7
2020-09-24,7.7
2020-09-25,7.7
2020-09-28,7.7
2020-09-29,7.7
2020-09-30,7.7
2020-10-01,7.7
2020-10-02,7.7
2020-10-05,7.7
2020-10-06,7.7
2020-10-07,7.7
2020-10-08,7.7
2020-10-09,7.7
2020-10-12,7.7
2020-10-13,7.7
2020-10-14,7.7
2020-10-15,7.7
2020-10-16,7.7
2020-10-19,7.7
2020-10-20,7.7
2020-10-21,7.7
2020-10-22,7.7
2020-10-23,7.7
2020-10-26,7.7
2020-10-27,7.7
2020-10-28,7.7
2020-10-29,7.7
2020-10-30,7.7
2020-11-02,7.7
2020-11-03,7.7
2020-11-04,7.7
2020-11-05,7.7
2020-11-06,7.7
2020-11-09,7.7
2020-11-10,7.7
2020-11-11,7.7
2020-11-12,7.7
2020-11-13,7.7
2020-11-16,7.7
2020-11-17,7.7
2020-11-18,7.7
2020-11-19,7.7
2020-11-20,7.7
2020-11-23,7.7
2020-11-24,7.7
2020-11-25,7.7
2020-11-27,7.7
2020-11-30,7.7
2020-12-01,7.7
2020-12-02,7.7
2020-12-03,7.7
2020-12-04,7.7
2020-12-07,7.7
2020-12-08,7.7
2020-12-09,7.7
2020-12-10,7.7
2020-12-11,7.7
2020-12-14,7.7
2020-12-15,7.7
2020-12-16,7.7
2020-12-17,7.7
2020-12-18,7.7
2020-12-21,7.7
2020-12-22,7.7
2020-12-23,7.7
2020-12-24,7.7
2020-12-28,7.7
2020-12-29,7.7
2020-12-30,7.7
2020-12-31,7.7
2021-01-04,7.7
2021-01-05,7.7
2021-01-06,7.7
2021-01-07,7.7
2021-01-08,7.7
2021-01-11,7.7
2021-01-12,7.7
2021-01-13,7.7
2021-01-14,7.7
2021-01-15,7.7
2021-01-19,7.7
2021-01-20,7.7
2021-01-21,7.7
2021-01-22,7.7
2021-01-25,7.7
2021-01-26,7.7
2021-01-27,7.7
2021-01-28,7.7
2021-01-29,7.7
2021-02-01,7.7
2021-02-02,7.7
2021-02-03,7.7
2021-02-04,7.7
2021-02-05,7.7
2021-02-08,7.7
2021-02-09,7.7
2021-02-10,7.7
2021-02-11,7.7
2021-02-12,7.7
2021-02-16,7.7
2021-02-17,7.7
2021-02-18,7.7
2021-02-19,7.7
2021-02-22,7.7
2021-02-23,7.7
2021-02-24,7.7
2021-02-25,7.7
2021-02-26,7.7
2021-03-01,7.7
2021-03-02,7.7
2021-03-03,7.7
2021-03-04,7.7
2021-03-05,7.7
2021-03-08,7.7
2021-03-09,7.7
2021-03-10,7.7
2021-03-11,7.7
2021-03-12,7.7
2021-03-15,7.7
2021-03-16,7.7
2021-03-17,7.7
2021-03-18,7.7
2021-03-19,7.7
2021-03-22,7.7
2021-03-23,7.7
2021-03-24,7.7
2021-03-25,7.7
2021-03-26,7.7
2021-03-29,7.7
2021-03-30,7.7
2021-03-31,7.7
2021-04-01,7.7
2021-04-05,7.7
2021-04-06,7.7
2021-04-07,7.7
2021-04-08,7.7
2021-04-09,7.7
2021-04-12,7.7
2021-04-13,7.7
2021-04-14,7.7
2021-04-15,7.7
2021-04-16,7.7
2021-04-19,7.7
2021-04-20,7.7
2021-04-21,7.7
2021-04-22,7.7
2021-04-23,7.7
2021-04-26,7.7
2021-04-27,7.7
2021-04-28,7.7
